{
  "type": "violation",
  "rule": "ebike_with_strip_nearby",
  "ts": 1769243392.4002595,
  "img_size": [
    640,
    640
  ],
  "dist_norm": 0.3870240272337752,
  "ebike_area_norm": 0.3232389569361403,
  "ebike": {
    "class_id": 0,
    "class_name": "ebike",
    "conf": 0.9618601202964783,
    "bbox_xyxy": [
      187,
      33,
      500,
      456
    ],
    "center": [
      343,
      244
    ],
    "area": 132399
  },
  "strip": {
    "class_id": 2,
    "class_name": "power",
    "conf": 0.9340052008628845,
    "bbox_xyxy": [
      322,
      436,
      461,
      538
    ],
    "center": [
      391,
      487
    ],
    "area": 14178
  },
  "artifacts": {
    "image": "d:\\PI_CAR\\data\\violations_20260124\\violation_1769243392401_0188018a.jpg",
    "json": "d:\\PI_CAR\\data\\violations_20260124\\violation_1769243392401_0188018a.json"
  }
}